excel_name,excel_price,closest_deliv,score
طماطم الجيرواز 135 غ,"60,00",طماطم الجيرواز,0.67
طماطم الزهرة 400 غ,"165,00",طماطم الزهره,0.67
طماطم هلو 400 غ,"165,00",طماطم هلو,0.67
طماطم عمور 400 غ,"175,00",طماطم عمور,0.67
طماطم كينغ توم 400 غ,"175,00",طماطم كينغ توم,0.75
طماطم الحارة 400 غ,"175,00",طماطم الحاره,0.67
هريسة هروس 135 غ,"80,00",هريسه هروس,0.67
قهوة بونال اربيكا 800 غ,"850,00",قهوه بونال اربيكا,0.75
قهوة بونال ربيستا 800 غ,"650,00",قهوه بونال ربيستا,0.75
هريسة ملتهب 500 مل,"130,00",هريسه ملتهب,0.5
حليب ميلكوسبراي 500 غ,"435,00",حليب ميلكوسبراي,0.67
حليب ميلغرو 500 غ,"480,00",حليب ميلغرو,0.67
حليب موندور 500 غ,"350,00",حليب موندور,0.67
حليب لويا 500 غ,"600,00",حليب لويا,0.67
حليب بريزيما 500 غ,"485,00",حليب بريزيما,0.67
قهوة قوسطو 250 غ,"250,00",قهوه قوسطو,0.67
قهوة اروما 250 غ,"250,00",قهوه اروما غولد,0.67
قهوة 1001 غولد 250 غ,"330,00",قهوه 1001 غولد,0.75
قهوة دوزيا 250 غ,"250,00",قهوه دوزيا,0.67
قهوة فاميكو 250 غ,"250,00",قهوه فاميكو,0.67
قهوة 1001 عادي 250 غ,"250,00",قهوه 1001 عادي,0.75
خميرو باكمايا 500 غ,"350,00",خميرو باكمايا,0.67
حميرة باكمايا 125 غ,"150,00",حميره باكمايا,0.67
خميرة صاف  500 غ,"400,00",خميره صاف,0.67
خميرة فيغا 500 غ,"340,00",خميره فيغا,0.67
حليب ميلكوسبراي 125 غ,"140,00",حليب ميلكوسبراي,0.67
هريسة هروس 400 غ,"170,00",هريسه هروس,0.67
طماطم الحارة 800 غ,"310,00",طماطم الحاره,0.67
طماطم عمور 800غ,"310,00",طماطم عمور,0.67
طماطم كينغ توم 800غ,"310,00",طماطم كينغ توم,0.75
طماطم افريل 800 غ,"300,00",طماطم افريل,0.67
طماطم سيم 28 %  800 غ,"280,00",طماطم سيم 28 %,0.75
سكر 1 كغ,"95,00",سكر قلاصي,0.5
زيت اليو 5 لتر,"650,00",زيت اليو,0.67
زيت اليو 1 لتر,"125,00",زيت اليو,0.67
زيت اليو 2 لتر,"250,00",زيت اليو,0.67
ملح 1 كغ,"40,00",ملح,0.5
قهوة اروما غولد 250 غ,"330,00",قهوه اروما غولد,0.75
ثوم مرحي جواد 400 غ,"130,00",ثوم مرحي جواد,0.75
عطر فانيلا 60 غ,"60,00",عطر فانيلا,0.67
حمص ويدو 580 غ,"210,00",حمص ويدو,0.67
حمص ويدو 370 غ,"160,00",حمص ويدو,0.67
جلبانة ويدو 390 غ,"110,00",جلبانه ويدو,0.67
ذرة حلوة 210 غ,"220,00",ذره حلوه,0.67
فطر فيتر شرائح 500 غ,"430,00",فطر فيتر شرايح,0.75
فطر فيتر كامل 380 غ,"300,00",فطر فيتر كامل,0.75
فطر موندور كامل 280 غ,"270,00",فطر موندور كامل,0.75
فطر موندور شرائح 280 غ,"210,00",فطر موندور شرايح,0.75
مايوناز لسيور 475 غ,"360,00",مايوناز لسيور بلاستيك,0.67
مايوناز لسيور 235 غ,"210,00",مايوناز لسيور بلاستيك,0.67
مايوناز لسيور بلاستيك 425 غ,"360,00",مايوناز لسيور بلاستيك,0.75
مايوناز لسيور بلاستيك 220 غ,"220,00",مايوناز لسيور بلاستيك,0.75
لانشو بلاط دجاج 250 غ,"440,00",لانشو بلاط دجاج,0.75
طون ماراطون 65 غ,"110,00",طون ماراطون,0.67
طون ريكامار 65 غ,"110,00",طون ريكامار,0.67
طون عافية 65 غ,"100,00",طون عافيه,0.67
طون مارطون 160 غ,"250,00",طون مارطون,0.67
طون عادي 65 غ,"70,00",طون عادي,0.67
ارز بسمتس الوسام 500 غ,"220,00",ارز بسمتس الوسام,0.75
سباغيتي اغروديف 500 غ,"65,00",سباغيتي اغروديف,0.67
سباغيتي سيم 500 غ,"70,00",سباغيتي سيم,0.67
محمصة عمر بن عمر 500 غ,"70,00",محمصه عمر بن عمر,0.75
ماقرون عمر بن عمر كود 6 500غ,"70,00",ماقرون عمر بن عمر كود 6,0.8
ماقرون عمر بن عمر 500 غ,"70,00",ماقرون عمر بن عمر,0.75
شربة زريعة عمر بن عمر 500 غ,"70,00",شربه زريعه عمر بن عمر,0.8
شربة فارميسال 500 غ,"70,00",شربه فارميسال سيم,0.67
دهان بوقال 700 غ,"400,00",دهان بوقال,0.67
دهان بوقال 1.4 كغ,"710,00",دهان بوقال,0.67
دهان الوليمة 900 غ,"460,00",دهان الوليمه,0.67
دهان الوليمة 700 غ,"400,00",دهان الوليمه,0.67
دهان الوليمة 1.7 كغ,"800,00",دهان الوليمه,0.67
دهان رواية 800 غ,"540,00",دهان روايه,0.67
دهان المدينة 1.8 كغ,"820,00",دهان المدينه,0.67
دهان نحول 2 كغ,"910,00",دهان نحول,0.67
دهان المدينة 900 غ,"430,00",دهان المدينه,0.67
دهان المدينة 500 غ,"250,00",دهان المدينه,0.67
شاي كمية 100 غ,"270,00",شاي كميه,0.67
شاي سهم 100غ,"210,00",شاي سهم,0.67
شاي احمد عبدس 100 غ,"200,00",شاي احمد عبدس,0.75
طعام كنزة 1 كغ,"140,00",طعام كنزه,0.67
طعام سفينة 1 كغ,"170,00",طعام سفينه,0.67
طعام البركة 1 كغ,"180,00",طعام البركه,0.67
طعام مام متوسط 1 كغ,"180,00",طعام مام متوسط,0.75
دهان المرجان 900 غ,"430,00",دهان المرجان,0.67
طعام سيم 1 كغ,"140,00",طعام سيم,0.67
طعام عمور 1 كغ,"150,00",طعام عمور,0.67
بركوكس مفور 800 غ,"110,00",بركوكس مفور,0.67
طعام شعير 1 كغ,"110,00",طعام شعير,0.67
طعام ثيكا 1 كغ,"110,00",طعام ثيكا,0.67
طعام اغروديف 1 كغ,"100,00",طعام اغروديف,0.67
طعام ماما رقيق 1 كغ,"180,00",طعام ماما رقيق,0.75
شخشوخة سنوبر 900 غ,"140,00",شخشوخه سنوبر,0.67
ارز بسمتي روعة 500 غ,"180,00",ارز بسمتي روعه,0.75
ارز بسمتي ذهبي 500 غ,"160,00",ارز بسمتي ذهبي,0.75
محمصة ماما 500 غ,"90,00",محمصه ماما,0.67
تليتلي سباو 500 غ,"60,00",تليتلي سباو,0.67
محمصة سيم 500 غ,"60,00",محمصه سيم,0.67
ماقرون سيم روسول 500 غ,"65,00",ماقرون سيم روسول,0.75
شربة زريعة سيم 500 غ,"60,00",شربه زريعه سيم,0.75
شربة فارميسال سيم 500 غ,"60,00",شربه فارميسال سيم,0.75
ماقرون سيم كود6/ 500 غ,"60,00",ماقرون سيم كود6/,0.75
ماقرون سيم كود 4 500غ,"60,00",ماقرون سيم كود 4,0.75
حمص ثيكا 10 -- 1كغ,"350,00",حمص ثيكا 10 --,0.75
لوبيا كاردينال 1 كغ,"380,00",لوبيا كاردينال,0.67
عدس نون 1 كغ,"125,00",عدس نون,0.67
حمص 12 -- 1كغ,"450,00",حمص 12 --,0.67
ارز مفور روعة 500 غ,"80,00",ارز مفور روعه,0.75
ارز بسمتي كريمي 1 كغ,"230,00",ارز بسمتي كريمي,0.75
ارز مفور روعة 1 كغ,"160,00",ارز مفور روعه,0.75
ارز تايلندي 1 كغ,"170,00",ارز تايلندي,0.67
طراشن وفاء 80 قطعة,"75,00",طراشن وفا ملونه,0.5
طراشن وفاء حجم كبير 45,"180,00",طراشن وفا حجم كبير,0.8
طراشن وفاء ملونة 80 قطعة,"80,00",طراشن وفا ملونه,0.6
كوش بيمبو 15 قطعة,"210,00",كوش بيمبو,0.5
شوفان 400 غ,"250,00",شوفان,0.5
خل التفاح الوزير 250 مل,"280,00",خل التفاح الوزير,0.6
سميد مولى رقيق 1 كغ,"120,00",سميد مولي رقيق,0.75
فرينة سفينة 1كغ,"80,00",فرينه سفينه,0.67
سميد سفينة رقيق 1 كغ,"110,00",سميد سفينه رقيق,0.75
سميد ماما رقيق 2 كغ,"250,00",سميد ماما رقيق,0.75
سميد ماما خشن 2 كغ,"250,00",سميد ماما خشن,0.75
شيكولة مون سوداء 200 غ,"270,00",شيكوله مون سودا,0.75
شيكولة مون بيضة 200 غ,"280,00",شيكوله مون بيضه,0.75
شيكولة مرجان بيضة 200 غ,"340,00",شيكوله مرجان بيضه,0.75
كراميل توفيا 400 غ,"250,00",كراميل توفيا,0.67
شيكولة اوبتيلا 200 غ,"150,00",شيكوله اوبتيلا,0.67
شيكولة اوبتيلا 350 غ,"240,00",شيكوله اوبتيلا,0.67
شيكولة ماكسون 350 غ,"230,00",شيكوله ماكسون,0.67
كابريز سائل 500 غ,"370,00",كابريز سايل,0.67
شيكولة تويسكو 300 غ,"260,00",شيكوله تويسكو,0.67
شيكولة اوبتيلا 700 غ,"440,00",شيكوله اوبتيلا,0.67
شيكولة اوبتيلا 500 غ,"330,00",شيكوله اوبتيلا,0.67
شيكولة بيفا 320 غ,"190,00",شيكوله بيفا,0.67
نورسي كونفور 900غ رقم 2,"1 820,00",نورسي كونفور 900غ رقم,1.0
نورسي كونفور 400غ رقم 1,"860,00",نورسي كونفور 400غ رقم,1.0
نورسي كونفور 400غ  رقم2,"860,00",نورسي كونفور 400غ رقم2,1.0
حليب صحة 400غ رقم 1,"760,00",حليب صحه 400غ رقم,1.0
حليب بيوميل 400غ رقم 2,"870,00",حليب بيوميل 400غ رقم,1.0
حليب نورسي 400غ رقم 2,"780,00",حليب نورسي 400غ رقم,1.0
عسل البركة الاصيل  125غ,"140,00",عسل البركه الاصيل,0.75
كنافة محمصة 250غ,"200,00",كنافه محمصه,0.67
صابون غبرة امو 300 غ,"120,00",صابون غبره امو,0.75
صابون غبرة ازيس 300 غ,"110,00",صابون غبره ازيس,0.75
صابون غبرة تست 750 غ,"250,00",صابون غبره تست,0.75
صابون غبرة تست 1.5 كغ,"460,00",صابون غبره تست,0.75
صابون غبرة ازيس 1.5 كغ,"470,00",صابون غبره ازيس,0.75
صابون اواني لايف 2 لتر,"380,00",صابون اواني لايف,0.75
صابون اواني دوز 1150 مل,"300,00",صابون اواني دوز,0.6
صابون غسالة بريلكس 1.5 لتر,"280,00",صابون غساله بريلكس,0.75
جافيل دوز 2 لتر,"170,00",جافيل دوز,0.67
صابون غسالة بينغو 2.5 لتر,"790,00",صابون غساله بينغو,0.75
صابون اواني بريل 3 لتر,"630,00",صابون اواني بريل,0.75
صابون غسالة لو شا 2.5 لتر,"790,00",صابون غساله لو شا,0.8
هابي دراي  5/25,"640,00",هابي دراي كيلوت 4/25,1.0
هابي راحة 4 / 25,"470,00",هابي راحه 6/25,1.0
صابون غسالة لايف 3 لتر,"520,00",صابون غساله لايف,0.75
صابون اواني lisser clean 5 لتر,"600,00",صابون اواني lisser clean,0.8
صابون غسالة توبسيل 2.5 لتر,"470,00",صابون غساله توبسيل,0.75
صابون غسالة بريلكس 3 لتر,"480,00",صابون غساله بريلكس,0.75
صابون اواني لايف  4 لتر,"750,00",صابون اواني لايف,0.75
مون بيسكويت  تيمو,"110,00",مون بيسكويت تيمو,1.0
قاطو ماكس كرام  بيفا,"110,00",قاطو ماكس كرام بيفا,1.0
زيت دار ضياف 0.5 لتر,"780,00",زيت دار ضياف,0.75
زيت ااوليفا 250غ,"120,00",زيت ااوليفا,0.67
زيت دار ضياف 250غ,"350,00",زيت دار ضياف,0.75
غلاف شفاف  وفاء 10متر,"100,00",غلاف شفاف وفا 10متر,1.0
كوش بمبيز حجم صغير 2,"260,00",كوش بمبيز حجم صغير,1.0
كوش بمبيز حجم صغير 3,"260,00",كوش بمبيز حجم صغير,1.0
كوش بميز حجم صغير 5,"260,00",كوش بميز حجم صغير,1.0
كوش بمبيز حجم صغير 6,"330,00",كوش بمبيز حجم صغير,1.0
كوش كومبيي حجم صغير 5,"250,00",كوش كومبيي حجم صغير,1.0
كونبيبي حجم صغير رقم 4,"250,00",كونبيبي حجم صغير رقم,1.0
كونبيبي حجم صغير رقم 3,"250,00",كونبيبي حجم صغير رقم,1.0
كونبيبي حجم صغير رقم 2,"250,00",كونبيبي حجم صغير رقم,1.0
كونبيبي حجم صغير رقم 1,"250,00",كونبيبي حجم صغير رقم,1.0
كونبيبي حجم صغير رقم 6,"330,00",كونبيبي حجم صغير رقم,1.0
لانجات وفاء مغطى 80 قطعة,"160,00",لانجات وفا مغطي,0.6
لانجات وفاء 72 قطعة,"120,00",لانجات وفا,0.5
لانجات بيمبيز 84 قطعة,"150,00",لانجات بيمبيز صفرا,0.5
لانجات بيمبيز صفراء 60قطعة,"180,00",لانجات بيمبيز صفرا,0.75
لانجات بيبي ماكس 72قطعة,"100,00",لانجات بيبي ماكس,0.75
لانجات 120 قطعة,"180,00",صحن بلاستيك قطعه,0.33
منظف زجاج بريلكس 750مل,"160,00",منظف زجاج بريلكس ابيض,0.75
سائل اواني اقل 650مل,"190,00",سايل اواني اقل,0.75
سائل اواني بينقو 650مل,"200,00",سايل اواني بينقو,0.75
صانيبو امير لافصول 1لتر,"190,00",صانيبو امير لافصول,0.75
صانيبو وايف  1لتر,"180,00",صانيبو وايف,0.67
صانيبو بريلكس لافصول 1لتر,"175,00",صانيبو بريلكس لافصول,0.75
صابون غسيل الملابس ايقل 1كغ,"280,00",صابون غسيل الملابس ايقل,0.8
صابون غسيل الملابس ايقل 750غ,"220,00",صابون غسيل الملابس ايقل,0.8
صابون ايزيس 750غ,"240,00",صابون ايزيس,0.67
جافيل براف 900مل,"100,00",جافيل براف,0.67
جافيل ايقل 900مل,"100,00",جافيل ايقل,0.67
طرف صاشي  عادي,"80,00",طرف صاشي عادي,1.0
جافيل ليسر كليسن 2ل,"150,00",جافيل ليسر كليسن,0.75
صابون ملابس 1كلغ  اقل,"340,00",صابون ملابس 1كلغ اقل,1.0
معطر الملابس بريلكس 1.2ل,"300,00",معطر الملابس بريلكس,0.75
سائل اواني بريل 1.25ل,"330,00",سايل اواني بريل,0.75
سائل اواني لايف 1.25ل,"260,00",سايل اواني لايف,0.75
سائل اواني توبسيل 1.25ل,"220,00",سايل اواني توبسيل,0.75
سائل اواني بريلكس 1.25ل,"220,00",سايل اواني بريلكس,0.75
سائل اواني بريل 650مل,"200,00",سايل اواني بريل,0.75
سائل اواني تست 650مل,"175,00",سايل اواني تست,0.75
سائل اواني لايف 650مل,"180,00",سايل اواني لايف,0.75
سائل اواني توبسيل 650مل,"180,00",سايل اواني توبسيل,0.75
صانيبو كلور وكسبور 1ل,"150,00",صانيبو كلور وكسبور,0.75
صانيبو بريلكس 1ل,"110,00",صانيبو بريلكس,0.67
صانيبو توب 1ل,"110,00",صانيبو توب,0.67
صابون تست 850غ,"240,00",صابون تست,0.67
صابون بينقو 750غ,"260,00",صابون بينقو,0.67
صابون بينقو 300غ,"140,00",صابون بينقو,0.67
جافيل تست 2 لتر,"150,00",جافيل تست,0.67
جال جافيل بريلكس 2لتر,"190,00",جال جافيل بريلكس,0.75
مايونيز نابوليتاني 900غ,"240,00",مايونيز نابوليتاني,0.67
مايونيز ستار  بلاستيك,"280,00",مايونيز ستار بلاستيك,1.0
مايونيز فلوريال بلاستيك 200غ,"160,00",مايونيز فلوريال بلاستيك,0.75
مايونيز زجاج فلوريال 200غ,"160,00",مايونيز زجاج فلوريال,0.75
مايونيز موندور 400غ,"280,00",مايونيز موندور,0.67
حمص بنارة 360غ,"150,00",حمص بناره صغيره,0.67
كوفيتر عمر بن عمر 800غ,"330,00",كوفيتر عمر بن عمر,0.75
كوفيتر عمر بن عمر 400غ,"170,00",كوفيتر عمر بن عمر,0.75
مرغرين ماني 250غ,"110,00",مرغرين ماني,0.67
مرغرين ماني 500غ,"185,00",مرغرين ماني,0.67
مرغرين لا بل 250غ,"110,00",مرغرين لا بل,0.75
مرغرين لابل 500غ,"185,00",مرغرين لابل,0.67
مرغرين صول 250غ,"110,00",مرغرين صول,0.67
مرغرين صول 500غ,"185,00",مرغرين صول,0.67
مرغرين ديما 250غ,"110,00",مرغرين ديما,0.67
مرغرين ديما 500غ,"185,00",مرغرين ديما,0.67
فرينة سيم 1كغ,"90,00",فرينه سيم,0.67
سميد ماما 1كغ,"130,00",سميد ماما,0.67
سميد مولا 1كغ,"130,00",سميد مولا,0.67
سميد لار 1 كغ,"120,00",سميد لار,0.67
كريم شونتي 200غ,"200,00",كريم شونتي,0.67
عسل 500غ,"110,00",رامي عسل 24سل,0.5
عسل 1كغ,"190,00",جلبانه 1كغ الاتحاد الاوروبي,0.5
حمص مرحي التناج 400غ,"140,00",حمص مرحي التناج,0.75
سكر قلاصي 700غ,"135,00",سكر قلاصي,0.67
كونفوتير سيكام 400غ,"140,00",كونفوتير سيكام,0.67
كونفيتير سيكام 800غ,"260,00",كونفيتير سيكام فراوله,0.67
كونفيتير سيم 800غ,"260,00",كونفيتير سيم,0.67
كونفيتير سيكام فراولة 400غ,"160,00",كونفيتير سيكام فراوله,0.75
كونفيتير ازدهار 450غ,"160,00",كونفيتير ازدهار,0.67
كونفيتير عمور 400غ,"160,00",كونفيتير عمور,0.67
كونفيتير لاتينا 400غ,"130,00",كونفيتير لاتينا,0.67
فطر مقطع موندور 800غ,"320,00",فطر مقطع موندور,0.75
مرغرين بونجور 200غ,"75,00",مرغرين بونجور,0.67
مرغرين فلوريال 250غ,"100,00",مرغرين فلوريال,0.67
زبدة ستار 200غ,"160,00",زبده ستار,0.67
مرغرين التوريق صالحة 500غ,"190,00",مرغرين التوريق صالحه,0.75
موندور 450غ,"260,00",فرماج موندور,0.5
حميس بنارة 180غ,"100,00",حميس بناره,0.67
حميس صاشي 100غ,"60,00",حميس زيتون صاشي,0.67
حميس زيتون صاشي 100غ,"60,00",حميس زيتون صاشي,0.75
حميس زيتون صاشي 400غ,"250,00",حميس زيتون صاشي,0.75
رامي ميلكي كرطونة 1ل,"140,00",رامي ميلكي كرطونه 20سل,0.75
عصير رامي كرطونة 1ل,"120,00",عصير رامي كرطونه,0.75
صومي حليب 180مل,"55,00",صومي حليب,0.67
كانديا شوكو 125مل,"40,00",كانديا شوكو,0.67
بيفا شوكو 125مل,"30,00",بيفا شوكو,0.67
جي توب يومي 200مل,"25,00",جي توب يومي,0.75
جبن اولاف 400غ,"200,00",جبن اولاف,0.67
جبن اولاف 800غ,"340,00",جبن اولاف,0.67
نابولي 220غ,"120,00",نابولي,0.5
كاشير شابلي 200غ,"80,00",كاشير شابلي,0.67
فرماج نابولتالي 200غ,"100,00",فرماج نابولتالي,0.67
قازوز معلم 1ل,"60,00",قازوز معلم,0.67
فرماج بيتزا سيسيليان 800غ,"230,00",فرماج بيتزا سيسيليان,0.75
قازوز حمود 2ل,"140,00",قازوز حمود سليم,0.67
قازوز سليم 2ل,"130,00",قازوز حمود سليم,0.67
قازوز حمود سليم 1ل,"90,00",قازوز حمود سليم,0.75
صومام ديالنا 100غ,"20,00",صومام ديالنا,0.67
جبن طازج 90غ,"50,00",جبن طازج,0.67
ياغورت ياقو 1ل,"150,00",ياغورت ياقو,0.67
ياغورت ترته 1ل,"165,00",ياغورت ترته,0.67
ياغورت سيريالو 1ل,"165,00",ياغورت سيريالو,0.67
رايب صومام 1ل,"150,00",رايب صومام,0.67
لبن صومام 1ل,"150,00",لبن صومام,0.67
جي افروي كرطونة 1ل,"140,00",جي افروي كرطونه,0.75
جي اولي 1ل,"150,00",جي اولي,0.67
حليب كانديا 1ل,"140,00",حليب كانديا,0.67
حليب صومام 1ل,"140,00",حليب صومام,0.67
حليب صومام 0.5ل,"80,00",حليب صومام,0.67
فرماج شيزي 24 قطعة,"270,00",فرماج شيزي,0.5
فرماج شيزي 16 قطعة,"185,00",فرماج شيزي,0.5
فرماج سيبلي 16 قطعة,"150,00",فرماج سيبلي,0.5
فرماج سيبلي 24 قطعة,"220,00",فرماج سيبلي,0.5
فرماج بيكو 24 قطعة,"215,00",فرماج بيكو,0.5
فرماج لافاش كيري 24 قطعة,"295,00",فرماج لافاش كيري 8 قطع,0.6
فرماج لافاش كيري 16 قطعة,"200,00",فرماج لافاش كيري 8 قطع,0.6
شاربات صومام 1ل,"120,00",شاربات صومام,0.67
بريلكس مزيل الدهون 950مل,"340,00",بريلكس مزيل الدهون صغير,0.75
فورس اكسبرس 950مل,"350,00",معطر الجو فورس اكسبرس,0.67
موبي سيك مبيد الحشرات 750مل,"280,00",موبي سيك مبيد الحشرات,0.8
معطر الجو بريلكس 430مل,"240,00",معطر الجو بريلكس,0.75
بريلكس مزيل الدهون صغير 500مل,"240,00",بريلكس مزيل الدهون صغير,0.8
نايا الاصلي 1ل,"360,00",نايا الاصلي,0.67
مسلك المجاري 400غ,"250,00",مسلك المجاري,0.67
مبيد الحشرات ستوب 300مل,"190,00",مبيد الحشرات ستوب,0.75
مبيد ساميتوكس صغير 400مل,"170,00",مبيد ساميتوكس صغير,0.75
نظاف و لماع ناصح 720مل,"185,00",نظاف و لماع ناصح,0.75
روح الملح ناصح 720مل,"180,00",روح الملح ناصح,0.75
اقل جل مضاد الترسبات 700مل,"240,00",اقل جل مضاد الترسبات,0.8
صانيبو بريلكس سودي 850مل,"85,00",صانيبو بريلكس سودي,0.75
قريزيل اسود بريلكس 850مل,"100,00",قريزيل اسود بريلكس,0.75
صابون طرف كاريبو 250غ,"120,00",صابون طرف كاريبو,0.75
صابون طرف بالميدا 350غ,"80,00",صابون طرف بالميدا,0.75
جافيل ليسر 5ل,"240,00",جافيل ليسر,0.67
صابون غسيل الملابس توبسيل 4.5ل,"750,00",صابون غسيل الملابس توبسيل,0.8
صابون غسيل الملابس بريلكس 5ل,"700,00",صابون غسيل الملابس بريلكس,0.8
سائل غسيل الاواني نيب 3ل,"340,00",سايل غسيل الاواني نيب,0.8
غسول الملابس ليسر 3ل,"450,00",غسول الملابس ليسر,0.75
صانيبو ليسر 5ل,"320,00",صانيبو ليسر,0.67
غسول الملابس اورس بلون 3ل,"490,00",غسول الملابس اورس بلون,0.8
جافيل دوز 5ل,"270,00",جافيل دوز,0.67
صانيبو بريلكس 5ل,"350,00",صانيبو بريلكس,0.67
روح الملح ريد فورس 750مل,"140,00",روح الملح ريد فورس,0.8
ماء اروى بيدون 5.5ل,"90,00",ما اروي بيدون,0.75
صابون لايف 1.5ل,"280,00",صابون لايف,0.67
ماء بوقلاز بيدون 5ل,"135,00",ما بوقلاز بيدون,0.75
فرماج بارمجيانو 1.8كغ,"630,00",فرماج بارمجيانو,0.67
شيزي شرائح 150غ,"220,00",شيزي شرايح,0.67
كرام فراش كانديا 500مل,"260,00",كرام فراش كانديا 20سل,0.75
كرام فراش صومام 500مل,"220,00",كرام فراش صومام,0.75
فرماج طارتينو 16 قطعة,"270,00",فرماج طارتينو,0.5
فرماج طارتينو 24 قطعة,"395,00",فرماج طارتينو,0.5
فستق باطة 35غ,"120,00",فستق باطه,0.67
كاجو باطة 35غ,"130,00",كاجو باطه,0.67
لوز باطة 35غ,"120,00",لوز باطه,0.67
مومنت شوكولاطة 90غ,"230,00",مومنت شوكولاطه,0.67
حلوة الترك قابسة 320غ,"340,00",حلوه الترك قابسه,0.75
صابون سائل امير 390مل,"140,00",صابون سايل امير,0.75
عطر اطفال 50مل,"140,00",عطر اطفال,0.67
معطر الجو لايف 500مل,"280,00",معطر الجو لايف,0.75
معطر الجو فورس اكسبرس 430مل,"300,00",معطر الجو فورس اكسبرس,0.8
جال دوش 250مل,"140,00",جال دوش فينوس,0.67
غسول الوجه سواليس 250مل,"250,00",غسول الوجه سواليس,0.75
شامبو دوركس 250مل,"120,00",شامبو دوركس,0.67
شامبو دوف 250مل,"340,00",شامبو دوف,0.67
شامبو كلير 180مل,"320,00",شامبو كلير,0.67
شامبو سنسيلك 180مل,"220,00",شامبو سنسيلك,0.67
شامبو سواليس 330مل,"300,00",شامبو سواليس,0.67
جال دوش فينوس 240مل,"140,00",جال دوش فينوس,0.75
شامبو فينوس 400مل,"130,00",شامبو فينوس,0.67
ماستر  شيبس,"120,00",ميني شيبس السطان +ماستر شيبس,1.0
فانتا 1لتر  برومو رمضان,"80,00",فانتا 1لتر برومو رمضان,1.0
عصير طازج 1لتر,"140,00",عصير طازج,0.67
صحن بلاستيك قطعة 20,"140,00",صحن بلاستيك قطعه,0.75
وفاء برومو اكستر 2,"185,00",وفا برومو اكستر,1.0
وفاء كلاسيكو الوان 2,"160,00",وفا كلاسيكو الوان,1.0
وفاء كلاسيكو  الوان 4,"250,00",وفا كلاسيكو الوان,1.0
بابي ليلا اكسترا 2,"150,00",بابي ليلا اكسترا,1.0
شوكولاطة تالنت ذوق اللوز  كبيرة,"150,00",شوكولاطه تالنت ذوق اللوز كبيره,1.0
ماء بوقلاز 1.5,"50,00",ما بوقلاز,1.0
قازوز اروى 2ل,"100,00",قازوز اروي رمان,0.67
قازوز بدر 2ل,"100,00",قازوز بدر,0.67
حمص  ميزان12,"420,00",حمص ميزان12,1.0
كوكاكولا 2ل,"160,00",كوكاكولا,0.5
فانتا 2ل,"140,00",فانتا,0.5
ماء مسعد 1.5,"40,00",ما مسعد,1.0
قازوز اروى اورونجينا 1ل,"75,00",قازوز اروي اورونجينا,0.75
قازوز شريعة 2ل,"110,00",قازوز شريعه,0.67
قازوز اروى 1ل,"60,00",قازوز اروي رمان,0.67
موزاية زاست 1ل,"85,00",موزايه زاست,0.67
شاي الراقي 125غ,"170,00",شاي الراقي,0.67
شاي اخضر الجمل 125غ,"170,00",شاي اخضر الجمل,0.75
فرينة سفينة 5كغ,"350,00",فرينه سفينه,0.67
قازوز زعيم اورونجينا 2ل,"130,00",قازوز زعيم اورونجينا,0.75
قازوز اروى اورونجينا 2ل,"130,00",قازوز اروي اورونجينا,0.75
قازوز اروى رمان 1ل,"75,00",قازوز اروي رمان,0.75
معجون اسنان مسواك 25غ,"150,00",معجون اسنان مسواك,0.75
معجون اسنان سنيال 50مل,"150,00",معجون اسنان سنيال,0.75
معجون اسنان سنيال 25مل,"85,00",معجون اسنان سنيال,0.75
كريم الحلاقة 75مل,"110,00",كريم الحلاقه,0.67
صابون سيدو 250غ,"150,00",صابون سيدو,0.67
معجون اسنان سيقادونت 100غ,"300,00",معجون اسنان سيقادونت,0.75
ملوخية 100غ,"100,00",ملوخيه,0.5
جي تشينا 2ل,"180,00",جي تشينا,0.67
انسبيراسيو 200مل,"230,00",انسبيراسيو,0.5
مونديو 200مل,"250,00",مونديو,0.5
جي رامي 2ل,"190,00",جي رامي,0.67
باسيو مان 200مل,"240,00",باسيو مان,0.67
دينا فورمان اونلي 200مل,"250,00",دينا فورمان اونلي,0.75
ماليزيا 210مل,"380,00",ماليزيا,0.5
جافيل امير 1ل,"110,00",جافيل امير,0.67
فرينة 10كغ,"350,00",فرينه بدون غلوتين,0.5
سميد سفينة 10كغ,"500,00",سميد سفينه,0.67
سيراج احذية 50مل,"130,00",سيراج احذيه,0.67
سيراج احذية 75مل,"140,00",سيراج احذيه,0.67
مساسيك الغسيل 20قطعة,"130,00",مساسيك الغسيل,0.67
فطر الحارة مقطع 900غ,"1 000,00",فطر الحاره مقطع,0.75
جي فروي ماكس 2ل,"120,00",جي فروي ماكس,0.75
جي باست جو 2ل,"80,00",جي باست جو,0.75
خبز اللب 500غ,"150,00",خبز اللب,0.67
صابلي بلكاراميل 12قطعة,"220,00",صابلي بلكاراميل,0.67
جي فرويتي 1 لتر,"100,00",جي فرويتي,0.67
جي فرويتي 2 لتر,"160,00",جي فرويتي,0.67
ماء مسعد 5.5,"90,00",ما مسعد,1.0
كوكا 1ل,"110,00",كوكا كانيط,0.5
لبن ساشي 1 لتر,"100,00",لبن ساشي,0.67
شوكولاطة اومباسادور  بلحليب,"220,00",شوكولاطه اومباسادور بلحليب,1.0
شوكولاطة اومباسادور سوداء 70,"250,00",شوكولاطه اومباسادور سودا,0.75
حليب كانديا 0.5,"80,00",حليب كانديا,1.0
فرماج شيزي 8,"110,00",فرماج شيزي,1.0
فرماج موندور 1.7,"710,00",فرماج موندور,1.0
تست 300غ,"110,00",تست,0.5
ارز مفور عادي  ميزان,"140,00",ارز مفور عادي ميزان,1.0
صابون سائل دوز 5لتر,"990,00",صابون سايل دوز,0.75
داناو 1ل,"200,00",داناو,0.5
فيتامين 2 لتر,"80,00",افري1 لتر,0.5
فيتامين حجم 3 لتر,"130,00",فيتامين حجم,0.67
جافيل اقل 5لتر,"250,00",جافيل اقل,0.67
صومام جنينية 1 لتر,"165,00",صومام جنينيه,0.67
فلفل مرقد 100غ,"60,00",فلفل مرقد,0.67
صابون ليسر 10 لتر,"1 050,00",صابون ليسر,0.5
شربات فيتامين 1 لتر,"65,00",شربات فيتامين,0.67
سائل اواني اقل 430غ,"130,00",سايل اواني اقل,0.75
جلبانة 400غ,"260,00",جلبانه,0.5
كامبير سيدي سعادة 250غ,"420,00",كامبير سيدي سعاده,0.75
صومام شكولا 1 لتر,"220,00",صومام شكولا,0.67
ياغورت سيدي سعادة فرويتي 1لتر,"165,00",ياغورت سيدي سعاده فرويتي,0.8
صابون توبسيل 10ل,"1 250,00",صابون توبسيل,0.67
توبسيل اواني 4ل,"750,00",توبسيل اواني,0.67
توبسيل اواني 2ل,"380,00",توبسيل اواني,0.67
سكريا 600غ,"190,00",سكريا,0.5
فرينة الدرة  800غ,"210,00",فرينه الدره,0.67
مقرون بدون غلوتين 300غ,"210,00",مقرون بدون غلوتين,0.75
كسكس الهضاب بدون غلوتين 300غ,"210,00",كسكس الهضاب بدون غلوتين,0.8
فرينة بدون غلوتين 3كغ,"950,00",فرينه بدون غلوتين,0.75
فرماج بيكو 16 قطعة,"145,00",فرماج بيكو,0.5
لامبة لاد 15,"180,00",لامبه لاد,0.67
لامبة لاد 18,"220,00",لامبه لاد,0.67
لامبة لاد 12,"160,00",لامبه لاد,0.67
لاد 22,"300,00",لاد,0.5
زعيم 2 لتر,"100,00",زعيم لتر,1.0
شريعة 1 لتر,"65,00",افري1 لتر,0.5
صابون بينغو 1.5كغ,"510,00",صابون بينغو,0.67
جافيل رغوي 1 لتر,"110,00",جافيل رغوي,0.67
قازوز معلم 2ل,"100,00",قازوز معلم,0.67
ريحة تاع  شنابر 750 مل,"280,00",ريحه تاع شنابر,0.6
طراشن كوتكس 80 قطعة,"85,00",طراشن كوتكس,0.5
كوش  يوني -فورم,"880,00",كوش يوني -فورم,1.0
تيب توب 16,"270,00",تيب توب,0.67
صابون لايف 10 لتر,"1 270,00",صابون لايف,0.5
ماء منصورة 6 لتر,"100,00",ما منصوره,0.67
منصورة 1.5 لتر,"40,00",افري1 لتر,0.5
اروى كولا 2 لتر,"100,00",اروي كولا لتر,1.0
جي رويبة 33,"50,00",جي رويبه,0.67
جي ذطازج 33,"50,00",جي ذطازج,0.67
فرماج ريكو 24 قطعة,"225,00",فرماج ريكو,0.5
فرماج المتميز 16 قطعة,"185,00",فرماج المتميز,0.5
ساىل اواني 3 لتر,"350,00",سايل اواني,0.67
اكريم  395غ,"130,00",اكريم فاميلي,0.5
درسة    حميس,"110,00",درسه حميس,1.0
فرماج موندور 500غ,"300,00",فرماج موندور,0.67
طارتينو 8,"150,00",طارتينو,1.0
جي دايلي 1لتر,"90,00",جي دايلي,0.67
زيتون 1كغ,"370,00",زيتون,0.5
تيب توب 8,"150,00",تيب توب,1.0
تيب توب  32,"395,00",تيب توب,0.67
اولاف 200غ,"120,00",اولاف,0.5
فرونسلي كونفور 2,"1 000,00",فرونسلي كونفور,1.0
