"our_id","our_name","old_image","action"
"6a7b92cd0d97848094f62f31","فرماج موندور","https://api.delivap.com/uploads/1786563543173-b2a36987-7af1-4c94-8f67-79898f6ec355.webp","UPDATED"
"6a7b92cd0d97848094f62f22","افري1 لتر","https://api.delivap.com/uploads/1786563545408-75112a86-1386-4927-90e0-5de871481f6f.webp","UPDATED"
"6a7b92cd0d97848094f62ee7","فرينة بدون غلوتين","","UPDATED"
"6a7b92cd0d97848094f62ee3","مقرون بدون غلوتين","https://api.delivap.com/uploads/1786563548186-4281aac9-30ad-47a2-a31d-42be47548ef8.webp","UPDATED"
"6a7b92cd0d97848094f62ed0","كامبير سيدي سعادة","https://api.delivap.com/uploads/1786563550975-5e43a8ef-9a81-4e0c-9c09-6e3260053354.webp","UPDATED"
"6a7b92cd0d97848094f62ea4","صابون سائل دوز","","UPDATED"
"6a7b92cd0d97848094f62e96","حليب كانديا","https://api.delivap.com/uploads/1786563553380-a81a7700-5386-4781-b44b-eb82d4b54096.webp","UPDATED"
"6a7b92cd0d97848094f62e8b","كوكا","https://api.delivap.com/uploads/1786563555837-5c527737-9e6c-4af6-90cc-54c456b2cf9b.webp","UPDATED"
"6a7b92cd0d97848094f62e81","خبز اللب","https://api.delivap.com/uploads/1786563559168-b4f3305b-8393-4f85-b6a9-09067a058b17.webp","UPDATED"
"6a7b92cd0d97848094f62e74","جافيل امير","","UPDATED"
"6a7b92cd0d97848094f62e6e","جي رامي","https://api.delivap.com/uploads/1786563562623-df17eea7-1369-48d9-a0f4-1f9037ee89eb.webp","UPDATED"
"6a7b92cd0d97848094f62e6c","انسبيراسيو","","UPDATED"
"6a7b92cd0d97848094f62e6b","جي تشينا","https://api.delivap.com/uploads/1786563564648-2adba29f-69b8-49cb-bb72-5cb3f1b53d49.webp","UPDATED"
"6a7b92cd0d97848094f62e69","ملوخية","https://api.delivap.com/uploads/1786563570304-7c928dc8-11ca-4cfc-8ee5-d5a6f1ab5b78.webp","UPDATED"
"6a7b92cd0d97848094f62e64","معجون اسنان سيقادونت","","UPDATED"
"6a7b92cd0d97848094f62e60","كريم الحلاقة","","UPDATED"
"6a7b92cd0d97848094f62e5d","معجون اسنان مسواك","","UPDATED"
"6a7b92cd0d97848094f62e5c","قازوز اروى رمان","https://api.delivap.com/uploads/1786563573402-e70d23cd-6010-47f4-9ae7-0155d2b53f01.webp","UPDATED"
"6a7b92cd0d97848094f62e55","فرينة سفينة","https://api.delivap.com/uploads/1786563576873-05e9060b-3689-4bd9-93f1-f598d8debf5f.webp","UPDATED"
"6a7b92cd0d97848094f62e54","شاي اخضر الجمل","https://api.delivap.com/uploads/1786563578735-c90e2bc5-864c-4d76-9575-2196d66ecc2c.webp","UPDATED"
"6a7b92cd0d97848094f62e53","شاي الراقي","https://api.delivap.com/uploads/1786563581318-151c236a-51c6-4d30-b91a-4286c286c01e.webp","UPDATED"
"6a7b92cd0d97848094f62e4c","فانتا","https://api.delivap.com/uploads/1786563583864-47f1f899-66db-4f88-871c-0f82689f7725.webp","UPDATED"
"6a7b92cd0d97848094f62e2b","عصير طازج","https://api.delivap.com/uploads/1786563589341-252a9d0d-44a7-40f6-a7ab-89b997159cae.webp","UPDATED"
"6a7b92cd0d97848094f62e19","شامبو كلير","","UPDATED"
"6a7b92cd0d97848094f62e0d","معطر الجو فورس اكسبرس","","UPDATED"
"6a7b92cd0d97848094f62e0b","معطر الجو لايف","","UPDATED"
"6a7b92cd0d97848094f62e07","صابون سائل امير","","UPDATED"
"6a7b92cd0d97848094f62df6","مومنت شوكولاطة","https://api.delivap.com/uploads/1786563591967-cef9bb46-4f68-4fcc-bb19-b3a1819480b4.webp","UPDATED"
"6a7b92cd0d97848094f62dc2","قريزيل اسود بريلكس","","UPDATED"
"6a7b92cd0d97848094f62dbf","روح الملح ناصح","","UPDATED"
"6a7b92cd0d97848094f62dbc","مبيد الحشرات ستوب","","UPDATED"
"6a7b92cd0d97848094f62db8","بريلكس مزيل الدهون صغير","","UPDATED"
"6a7b92cd0d97848094f62db7","معطر الجو بريلكس","","UPDATED"
"6a7b92cd0d97848094f62db5","فورس اكسبرس","","UPDATED"
"6a7b92cd0d97848094f62db4","بريلكس مزيل الدهون","","UPDATED"
"6a7b92cd0d97848094f62db3","شاربات صومام","https://api.delivap.com/uploads/1786563594719-3a63a5f2-806c-4468-959c-d7f74f2ac17f.webp","UPDATED"
"6a7b92cd0d97848094f62da5","حليب صومام","https://api.delivap.com/uploads/1786563599502-cda9721a-66a8-4ef2-93b0-fc903699e99b.webp","UPDATED"
"6a7b92cd0d97848094f62da4","حليب صومام","https://api.delivap.com/uploads/1786563601933-625918de-9877-4569-8f09-c308c66615c1.webp","UPDATED"
"6a7b92cd0d97848094f62da3","حليب كانديا","https://api.delivap.com/uploads/1786563604890-a69362a2-a4da-4c78-86ce-efde38aea096.webp","UPDATED"
"6a7b92cd0d97848094f62da1","جي افروي كرطونة","https://api.delivap.com/uploads/1786563607773-76d80c28-59d0-4e86-946f-60eb8004d379.webp","UPDATED"
"6a7b92cd0d97848094f62da0","لبن صومام","https://api.delivap.com/uploads/1786563610670-a928dd39-5bcf-4f3e-bfa1-dd30af8d4a8f.webp","UPDATED"
"6a7b92cd0d97848094f62d9f","رايب صومام","https://api.delivap.com/uploads/1786563613942-0a67a5dc-d403-416f-9a52-4748855cd1c4.webp","UPDATED"
"6a7b92cd0d97848094f62d9c","ياغورت ياقو","https://api.delivap.com/uploads/1786563616793-36468fa9-6ce3-420a-8c59-a163875143e9.webp","UPDATED"
"6a7b92cd0d97848094f62d92","جبن طازج","https://api.delivap.com/uploads/1786563619134-2af0185c-e841-412f-a084-343de4e443a0.webp","UPDATED"
"6a7b92cd0d97848094f62d86","صومام ديالنا","https://api.delivap.com/uploads/1786563622050-f9cae3a2-7801-4be4-8bc4-028cbbd49d43.webp","UPDATED"
"6a7b92cd0d97848094f62d84","قازوز حمود سليم","https://api.delivap.com/uploads/1786563625337-3732233e-ab94-429a-aef2-74dc6d8395de.webp","UPDATED"
"6a7b92cd0d97848094f62d83","قازوز سليم","https://api.delivap.com/uploads/1786563627995-2c6b9cbf-6d4e-4a0e-b25d-0f9c3594d28c.webp","UPDATED"
"6a7b92cd0d97848094f62d82","قازوز حمود","https://api.delivap.com/uploads/1786563631705-4143a5e2-a018-44af-aa70-45ff653e97f7.webp","UPDATED"
"6a7b92cd0d97848094f62d7a","نابولي","https://api.delivap.com/uploads/1786563638507-08021736-9b77-468a-8e90-6a4b456fb624.webp","UPDATED"
"6a7b92cd0d97848094f62d69","عصير رامي كرطونة","https://api.delivap.com/uploads/1786563641669-48836bce-4d93-46e4-b232-622053060464.webp","UPDATED"
"6a7b92cd0d97848094f62d68","رامي ميلكي كرطونة","https://api.delivap.com/uploads/1786563644047-0def0607-aa67-4cdb-ac0c-99bf12d02f59.webp","UPDATED"
"6a7b92cd0d97848094f62d61","موندور","https://api.delivap.com/uploads/1786563648870-45108628-8437-4659-8c76-3412639ca70f.webp","UPDATED"
"6a7b92cd0d97848094f62d5f","زبدة ستار","https://api.delivap.com/uploads/1786563650859-64f75986-25dc-497a-8f9d-8ffb7f777499.webp","UPDATED"
"6a7b92cd0d97848094f62d5e","مرغرين فلوريال","https://api.delivap.com/uploads/1786563655300-f450d66a-8766-4d8f-b11d-23dcb48844ea.webp","UPDATED"
"6a7b92cd0d97848094f62d46","حمص مرحي التناج","https://api.delivap.com/uploads/1786563659269-34aaac0b-98c0-4d26-834d-4d756a50418a.webp","UPDATED"
"6a7b92cd0d97848094f62d45","عسل","https://api.delivap.com/uploads/1786563663852-cf35c8aa-4eac-4c05-8d27-bfb82bf18d75.webp","UPDATED"
"6a7b92cd0d97848094f62d44","عسل","https://api.delivap.com/uploads/1786563667505-fb82e486-c83f-481c-b33b-347988df7120.webp","UPDATED"
"6a7b92cd0d97848094f62d3c","سميد ماما","https://api.delivap.com/uploads/1786563669078-af9dabe7-4008-48a1-b0de-8325d496739b.webp","UPDATED"
"6a7b92cd0d97848094f62d3b","فرينة سيم","https://api.delivap.com/uploads/1786563672054-9236dd3e-2e1c-49e3-abc9-b841ce1da6f8.webp","UPDATED"
"6a7b92cd0d97848094f62d38","مرغرين ديما","https://api.delivap.com/uploads/1786563675074-7524c165-0f65-4321-8827-3d6282feb63c.webp","UPDATED"
"6a7b92cd0d97848094f62d36","مرغرين صول","https://api.delivap.com/uploads/1786563676672-07b68783-467c-410a-a238-7038dacab3e7.webp","UPDATED"
"6a7b92cd0d97848094f62d2c","مايونيز زجاج فلوريال","https://api.delivap.com/uploads/1786563679043-c3289535-69eb-4396-a485-9b9fd18b8e2a.webp","UPDATED"
"6a7b92cd0d97848094f62d2b","مايونيز فلوريال بلاستيك","https://api.delivap.com/uploads/1786563681579-5a04147f-8909-4c9a-aa40-10688a58d0ba.webp","UPDATED"
"6a7b92cd0d97848094f62d28","جال جافيل بريلكس","","UPDATED"
"6a7b92cd0d97848094f62d21","صانيبو بريلكس","","UPDATED"
"6a7b92cd0d97848094f62d20","صانيبو امير عادي1ل","","UPDATED"
"6a7b92cd0d97848094f62d1d","سائل اواني لايف","","UPDATED"
"6a7b92cd0d97848094f62d1b","سائل اواني بريل","","UPDATED"
"6a7b92cd0d97848094f62d18","سائل اواني لايف","","UPDATED"
"6a7b92cd0d97848094f62d16","معطر الملابس بريلكس","https://api.delivap.com/uploads/1786563683098-e0c72042-7e43-402c-bc82-1d5df063e450.webp","UPDATED"
"6a7b92cd0d97848094f62d0d","صابون ايزيس","","UPDATED"
"6a7b92cd0d97848094f62d09","صانيبو بريلكس لافصول","","UPDATED"
"6a7b92cd0d97848094f62d06","صانيبو امير لافصول","","UPDATED"
"6a7b92cd0d97848094f62d04","سائل اواني اقل","","UPDATED"
"6a7b92cd0d97848094f62cff","منظف زجاج بريلكس","","UPDATED"
"6a7b92cd0d97848094f62c6b","سميد ماما خشن","https://api.delivap.com/uploads/1786563687157-f82f8420-47f7-4d69-a96b-ce0e7ed176be.webp","UPDATED"
"6a7b92cd0d97848094f62c6a","سميد ماما رقيق","https://api.delivap.com/uploads/1786563688819-d71f6536-2112-4b32-9dce-152c16d6846b.webp","UPDATED"
"6a7b92cd0d97848094f62c69","سميد سفينة رقيق","https://api.delivap.com/uploads/1786563690881-c985b6fd-0926-4c94-b1c9-de37299e07f5.webp","UPDATED"
"6a7b92cd0d97848094f62c68","فرينة سفينة","https://api.delivap.com/uploads/1786563693598-8b56fafa-bf75-4ff7-9aa1-64ef3a5a88ce.webp","UPDATED"
"6a7b92cd0d97848094f62c67","سميد مولى رقيق","https://api.delivap.com/uploads/1786563695256-cf25b1f3-f7aa-4ae7-a113-4c689428cdb0.webp","UPDATED"
"6a7b92cd0d97848094f62c5b","ارز مفور روعة","https://api.delivap.com/uploads/1786563696918-a4c8f8cd-677a-4312-8c95-f5ac45dece75.webp","UPDATED"
"6a7b92cd0d97848094f62c5a","ارز بسمتي كريمي","https://api.delivap.com/uploads/1786563699235-4d2ccdb6-0edc-4a30-9c16-848572b6913e.webp","UPDATED"
"6a7b92cd0d97848094f62c59","ارز مفور روعة","https://api.delivap.com/uploads/1786563701004-e0d7903f-d4e6-4552-a397-128b6a38b764.webp","UPDATED"
"6a7b92cd0d97848094f62c54","ماقرون سيم كود 4","https://api.delivap.com/uploads/1786563709896-5cd20d9a-55e5-47ff-b7f4-12eb6f6c97ee.webp","UPDATED"
"6a7b92cd0d97848094f62c4f","محمصة سيم","https://api.delivap.com/uploads/1786563713353-f1caeded-0ab5-401b-9417-c23fd516eaad.webp","UPDATED"
"6a7b92cd0d97848094f62c4d","محمصة ماما","https://api.delivap.com/uploads/1786563715645-73c0e35c-d326-4da1-8532-b73cd82fa405.webp","UPDATED"
"6a7b92cd0d97848094f62c4c","ارز بسمتي ذهبي","https://api.delivap.com/uploads/1786563719977-91edaa2e-ceff-4df0-8f8c-f101219e9c6a.webp","UPDATED"
"6a7b92cd0d97848094f62c4b","ارز بسمتي روعة","https://api.delivap.com/uploads/1786563722322-a7176572-a51c-403f-a587-139cf075826c.webp","UPDATED"
"6a7b92cd0d97848094f62c49","طعام ماما رقيق","https://api.delivap.com/uploads/1786563724342-584f234a-75d1-4105-a59f-102ae2817913.webp","UPDATED"
"6a7b92cd0d97848094f62c2e","ماقرون عمر بن عمر","https://api.delivap.com/uploads/1786563727817-3865a177-4b64-4ad9-a73e-135f58b62dd6.webp","UPDATED"
"6a7b92cd0d97848094f62c2c","محمصة عمر بن عمر","https://api.delivap.com/uploads/1786563731845-fce8dc23-50ed-4031-866c-a8aba77ba6bf.webp","UPDATED"
"6a7b92cd0d97848094f62c29","ارز بسمتس الوسام","https://api.delivap.com/uploads/1786563734033-a9b1d844-30a6-4766-9aed-ecf8642079f8.webp","UPDATED"
"6a7b92cd0d97848094f62c1b","فطر فيتر كامل","https://api.delivap.com/uploads/1786563736340-f5d5210d-0401-4bdc-bcad-ebc5a1970d87.webp","UPDATED"
"6a7b92cd0d97848094f62c10","ملح","https://api.delivap.com/uploads/1786563738883-6506eb0f-5f86-4de4-b7e8-09db7b171546.webp","UPDATED"
"6a7b92cd0d97848094f62c0c","سكر","https://api.delivap.com/uploads/1786563741640-7dd081e0-b9c7-4951-9e54-4bfd4fea10c5.webp","UPDATED"
"6a7b92cd0d97848094f62c0b","طماطم سيم 28 %","https://api.delivap.com/uploads/1786563745534-c9ac1980-fbb1-4a4c-b3bb-8053c84f9214.webp","UPDATED"
"6a7b92cd0d97848094f62c0a","طماطم افريل","https://api.delivap.com/uploads/1786563748122-64da19fd-3b33-4312-9588-3beaf2b20c87.webp","UPDATED"
"6a7b92cd0d97848094f62c05","حليب ميلكوسبراي","https://api.delivap.com/uploads/1786563750007-d854c67d-6726-4dbf-8134-3011efb828d0.webp","UPDATED"
"6a7b92cd0d97848094f62c00","قهوة 1001 عادي","https://api.delivap.com/uploads/1786563753685-f6ce45da-bd12-4b71-9dc3-bb221373a5fc.webp","UPDATED"
"6a7b92cd0d97848094f62bff","قهوة فاميكو","https://api.delivap.com/uploads/1786563757359-cf630d70-7f55-4bfa-99d0-8a65d80b667a.webp","UPDATED"
"6a7b92cd0d97848094f62bfd","قهوة 1001 غولد","https://api.delivap.com/uploads/1786563760171-6d834889-86ce-4d97-8e16-9a7e1a7f3398.webp","UPDATED"
"6a7b92cd0d97848094f62bf8","حليب لويا","https://api.delivap.com/uploads/1786563763403-bb8ec090-1def-424f-a61a-f40b45be7f62.webp","UPDATED"
"6a7b92cd0d97848094f62bf5","حليب ميلكوسبراي","https://api.delivap.com/uploads/1786563765746-f2baa8ee-94fe-468d-9e96-5b1f9465a828.webp","UPDATED"
